{
    "name": "root",
    "metadata": {
        "timer_format_version": "0.1.0",
        "start_time_seconds": "1638818701",
        "python_version": "3.8.12 (default, Oct 12 2021, 03:01:40) [MSC v.1916 64 bit (AMD64)]",
        "command_line_arguments": "C:\\Users\\goola\\anaconda3\\envs\\test\\Scripts\\mlagents-learn Mover.yaml --run-id m05",
        "mlagents_version": "0.27.0",
        "mlagents_envs_version": "0.27.0",
        "communication_protocol_version": "1.5.0",
        "pytorch_version": "1.10.0+cpu",
        "numpy_version": "1.21.4",
        "end_time_seconds": "1638818714"
    },
    "total": 13.0813589,
    "count": 1,
    "self": 0.012858299999999545,
    "children": {
        "run_training.setup": {
            "total": 0.10367310000000018,
            "count": 1,
            "self": 0.10367310000000018
        },
        "TrainerController.start_learning": {
            "total": 12.9648275,
            "count": 1,
            "self": 0.01288590000000589,
            "children": {
                "TrainerController._reset_env": {
                    "total": 11.6248106,
                    "count": 1,
                    "self": 11.6248106
                },
                "TrainerController.advance": {
                    "total": 1.1568567999999964,
                    "count": 17,
                    "self": 0.0002541999999969846,
                    "children": {
                        "env_step": {
                            "total": 1.1566025999999994,
                            "count": 17,
                            "self": 1.122344399999994,
                            "children": {
                                "SubprocessEnvManager._take_step": {
                                    "total": 0.033996100000001306,
                                    "count": 17,
                                    "self": 0.0011820000000053454,
                                    "children": {
                                        "TorchPolicy.evaluate": {
                                            "total": 0.03281409999999596,
                                            "count": 17,
                                            "self": 0.007946399999999798,
                                            "children": {
                                                "TorchPolicy.sample_actions": {
                                                    "total": 0.024867699999996162,
                                                    "count": 17,
                                                    "self": 0.024867699999996162
                                                }
                                            }
                                        }
                                    }
                                },
                                "workers": {
                                    "total": 0.00026210000000403966,
                                    "count": 16,
                                    "self": 0.0,
                                    "children": {
                                        "worker_root": {
                                            "total": 1.126661200000001,
                                            "count": 16,
                                            "is_parallel": true,
                                            "self": 0.06742020000000437,
                                            "children": {
                                                "steps_from_proto": {
                                                    "total": 0.0006289999999999907,
                                                    "count": 1,
                                                    "is_parallel": true,
                                                    "self": 0.000427799999998868,
                                                    "children": {
                                                        "_process_rank_one_or_two_observation": {
                                                            "total": 0.0002012000000011227,
                                                            "count": 2,
                                                            "is_parallel": true,
                                                            "self": 0.0002012000000011227
                                                        }
                                                    }
                                                },
                                                "UnityEnvironment.step": {
                                                    "total": 1.0586119999999966,
                                                    "count": 16,
                                                    "is_parallel": true,
                                                    "self": 0.00162519999998878,
                                                    "children": {
                                                        "UnityEnvironment._generate_step_input": {
                                                            "total": 0.0015145000000007514,
                                                            "count": 16,
                                                            "is_parallel": true,
                                                            "self": 0.0015145000000007514
                                                        },
                                                        "communicator.exchange": {
                                                            "total": 1.0498190000000012,
                                                            "count": 16,
                                                            "is_parallel": true,
                                                            "self": 1.0498190000000012
                                                        },
                                                        "steps_from_proto": {
                                                            "total": 0.005653300000005856,
                                                            "count": 16,
                                                            "is_parallel": true,
                                                            "self": 0.0037070000000092307,
                                                            "children": {
                                                                "_process_rank_one_or_two_observation": {
                                                                    "total": 0.0019462999999966257,
                                                                    "count": 32,
                                                                    "is_parallel": true,
                                                                    "self": 0.0019462999999966257
                                                                }
                                                            }
                                                        }
                                                    }
                                                }
                                            }
                                        }
                                    }
                                }
                            }
                        }
                    }
                },
                "trainer_threads": {
                    "total": 2.3799999999241095e-05,
                    "count": 1,
                    "self": 2.3799999999241095e-05,
                    "children": {
                        "thread_root": {
                            "total": 0.0,
                            "count": 0,
                            "is_parallel": true,
                            "self": 0.0,
                            "children": {
                                "trainer_advance": {
                                    "total": 1.1671526000000032,