{
    "name": "root",
    "gauges": {
        "Mover.Policy.Entropy.mean": {
            "value": 0.024118779227137566,
            "min": 0.023622548207640648,
            "max": 0.6637575030326843,
            "count": 89
        },
        "Mover.Policy.Entropy.sum": {
            "value": 48.285797119140625,
            "min": 47.24509811401367,
            "max": 1328.1787109375,
            "count": 89
        },
        "Mover.Step.mean": {
            "value": 177999.0,
            "min": 1998.0,
            "max": 177999.0,
            "count": 89
        },
        "Mover.Step.sum": {
            "value": 177999.0,
            "min": 1998.0,
            "max": 177999.0,
            "count": 89
        },
        "Mover.Policy.ExtrinsicValueEstimate.mean": {
            "value": 0.00981341302394867,
            "min": -0.15230897068977356,
            "max": 0.03040877729654312,
            "count": 89
        },
        "Mover.Policy.ExtrinsicValueEstimate.sum": {
            "value": 6.565173149108887,
            "min": -102.35163116455078,
            "max": 20.31306266784668,
            "count": 89
        },
        "Mover.Environment.EpisodeLength.mean": {
            "value": 284.0,
            "min": 76.34615384615384,
            "max": 858.6666666666666,
            "count": 89
        },
        "Mover.Environment.EpisodeLength.sum": {
            "value": 1704.0,
            "min": 1258.0,
            "max": 3021.0,
            "count": 89
        },
        "Mover.Environment.CumulativeReward.mean": {
            "value": 0.2383333146572113,
            "min": -2.4252379770789827,
            "max": 2.883333295583725,
            "count": 89
        },
        "Mover.Environment.CumulativeReward.sum": {
            "value": 1.4299998879432678,
            "min": -50.92999751865864,
            "max": 8.649999886751175,
            "count": 89
        },
        "Mover.Policy.ExtrinsicReward.mean": {
            "value": 0.2383333146572113,
            "min": -2.4252379770789827,
            "max": 2.883333295583725,
            "count": 89
        },
        "Mover.Policy.ExtrinsicReward.sum": {
            "value": 1.4299998879432678,
            "min": -50.92999751865864,
            "max": 8.649999886751175,
            "count": 89
        },
        "Mover.Losses.PolicyLoss.mean": {
            "value": 0.12805076497274318,
            "min": 0.11417638240285062,
            "max": 0.1469093800544561,
            "count": 89
        },
        "Mover.Losses.PolicyLoss.sum": {
            "value": 0.8963553548092023,
            "min": 0.8020856725828102,
            "max": 1.156337048606171,
            "count": 89
        },
        "Mover.Losses.ValueLoss.mean": {
            "value": 0.004383019799466378,
            "min": 0.0021221587489890226,
            "max": 0.025477499441920022,
            "count": 89
        },
        "Mover.Losses.ValueLoss.sum": {
            "value": 0.030681138596264645,
            "min": 0.01697726999191218,
            "max": 0.17834249609344016,
            "count": 89
        },
        "Mover.Policy.LearningRate.mean": {
            "value": 0.0001938092068255143,
            "min": 0.0001938092068255143,
            "max": 0.00029938097163491426,
            "count": 89
        },
        "Mover.Policy.LearningRate.sum": {
            "value": 0.0013566644477786,
            "min": 0.0013566644477786,
            "max": 0.0023857596047468,
            "count": 89
        },
        "Mover.Policy.Epsilon.mean": {
            "value": 0.16460305714285717,
            "min": 0.16460305714285717,
            "max": 0.19979365714285716,
            "count": 89
        },
        "Mover.Policy.Epsilon.sum": {
            "value": 1.1522214000000002,
            "min": 1.1522214000000002,
            "max": 1.5952532000000001,
            "count": 89
        },
        "Mover.Policy.Beta.mean": {
            "value": 0.003233692551428572,
            "min": 0.003233692551428572,
            "max": 0.004989703491428571,
            "count": 89
        },
        "Mover.Policy.Beta.sum": {
            "value": 0.022635847860000002,
            "min": 0.022635847860000002,
            "max": 0.039763134680000006,
            "count": 89
        },
        "Mover.IsTraining.mean": {
            "value": 1.0,
            "min": 1.0,
            "max": 1.0,
            "count": 89
        },
        "Mover.IsTraining.sum": {
            "value": 1.0,
            "min": 1.0,
            "max": 1.0,
            "count": 89
        }
    },
    "metadata": {
        "timer_format_version": "0.1.0",
        "start_time_seconds": "1638874577",
        "python_version": "3.8.12 (default, Oct 12 2021, 03:01:40) [MSC v.1916 64 bit (AMD64)]",
        "command_line_arguments": "C:\\Users\\goola\\anaconda3\\envs\\test\\Scripts\\mlagents-learn Mover.yaml --run-id m14",
        "mlagents_version": "0.27.0",
        "mlagents_envs_version": "0.27.0",
        "communication_protocol_version": "1.5.0",
        "pytorch_version": "1.10.0+cpu",
        "numpy_version": "1.21.4",
        "end_time_seconds": "1638878947"
    },
    "total": 4370.083503000001,
    "count": 1,
    "self": 0.016610100000434613,
    "children": {
        "run_training.setup": {
            "total": 0.13832219999999995,
            "count": 1,
            "self": 0.13832219999999995
        },
        "TrainerController.start_learning": {
            "total": 4369.9285707,
            "count": 1,
            "self": 8.908023100054379,
            "children": {
                "TrainerController._reset_env": {
                    "total": 5.871909199999999,
                    "count": 1,
                    "self": 5.871909199999999
                },
                "TrainerController.advance": {
                    "total": 4354.744226499945,
                    "count": 179824,
                    "self": 4.417867199939792,
                    "children": {
                        "env_step": {
                            "total": 4350.326359300006,
                            "count": 179824,
                            "self": 3952.5498784999295,
                            "children": {
                                "SubprocessEnvManager._take_step": {
                                    "total": 392.8352009999935,
                                    "count": 179824,
                                    "self": 18.315501800039215,
                                    "children": {
                                        "TorchPolicy.evaluate": {
                                            "total": 374.5196991999543,
                                            "count": 179097,
                                            "self": 104.41215549996383,
                                            "children": {
                                                "TorchPolicy.sample_actions": {
                                                    "total": 270.10754369999046,
                                                    "count": 179097,
                                                    "self": 270.10754369999046
                                                }
                                            }
                                        }
                                    }
                                },
                                "workers": {
                                    "total": 4.941279800082665,
                                    "count": 179823,
                                    "self": 0.0,
                                    "children": {
                                        "worker_root": {
                                            "total": 4354.907309899976,
                                            "count": 179823,
                                            "is_parallel": true,
                                            "self": 763.2164559999842,